{
    "epoch": 100,
    "train_loss": 138.41734483506946,
    "val_loss": 696.9579772949219,
    "lr": 0.0001,
    "timestamp": 1780515561.3815355
}