{"epoch": 1000, "train_loss": 1.5633148416876792, "val_loss": 247.1435832977295, "lr": 0.0001, "timestamp": 1779973603.5176313}