{
    "epoch": 100,
    "train_loss": 144.7252426147461,
    "val_loss": 610.9549865722656,
    "lr": 0.0001,
    "timestamp": 1780519243.0500815
}