{"epoch": 100, "train_loss": 264.8463609483507, "val_loss": 458.5773620605469, "lr": 0.0001, "timestamp": 1780514667.5401776}