{
    "epoch": 100,
    "train_loss": 155.1364776611328,
    "val_loss": 291.2856903076172,
    "lr": 0.0001,
    "timestamp": 1780513304.1270099
}